config,mpxi_windowed_active_mean,cnr_sector_mean,aperture_diam_mm
lhs4d_7_ap0.957544_nap90_nd1_570_nd2_294,1.177948925820835,2.144799371560415,0.957544
lhs4d_5_ap0.274585_nap218_nd1_150_nd2_670,2.2595162569389373,3.631796876589457,0.274585
lhs4d_6_ap0.395443_nap96_nd1_598_nd2_912,1.3734279264753306,3.88912026087443,0.395443
lhs4d_2_ap0.712391_nap143_nd1_124_nd2_622,1.3069883527454242,2.1075651248296103,0.712391
lhs4d_1_ap0.480361_nap221_nd1_380_nd2_222,1.978145554848292,2.4458223978678384,0.480361
lhs4d_3_ap0.340036_nap63_nd1_202_nd2_788,1.2985425481899389,4.117370883623759,0.340036
lhs4d_8_ap0.459520_nap240_nd1_424_nd2_246,2.191705631225859,2.370429436365763,0.45952
lhs4d_11_ap0.380131_nap164_nd1_316_nd2_666,1.814182534471438,3.926053762435913,0.380131
lhs4d_9_ap0.769614_nap140_nd1_614_nd2_904,1.247780468119451,2.3362857500712075,0.769614
lhs4d_10_ap0.410445_nap111_nd1_492_nd2_568,1.445535972262352,3.903237422307333,0.410445
lhs4d_14_ap0.439915_nap120_nd1_290_nd2_200,1.5397477266060429,3.4148054122924805,0.439915
lhs4d_20_ap0.680809_nap212_nd1_270_nd2_428,1.4921348314606742,1.959232787291209,0.680809
lhs4d_12_ap0.676147_nap150_nd1_332_nd2_750,1.3298180859477986,2.216450909773509,0.676147
lhs4d_15_ap0.695740_nap80_nd1_438_nd2_284,1.11654478976234,2.424997329711914,0.69574
lhs4d_13_ap0.309090_nap260_nd1_148_nd2_518,2.4914171656686626,2.998390356699625,0.30909
lhs4d_19_ap0.666088_nap239_nd1_522_nd2_562,1.3266305748904357,2.1475242177645364,0.666088
lhs4d_21_ap0.205856_nap132_nd1_540_nd2_354,1.679549114331723,3.405877153078715,0.205856
lhs4d_16_ap0.494517_nap159_nd1_230_nd2_836,1.5104942450914014,2.8563075264294944,0.494517
lhs4d_23_ap0.738222_nap76_nd1_336_nd2_544,1.1393034825870647,2.443732062975565,0.738222
lhs4d_18_ap0.657565_nap102_nd1_500_nd2_360,1.1894191638919718,2.482467075188955,0.657565
lhs4d_17_ap0.416775_nap268_nd1_324_nd2_528,2.5405656866393747,2.612619698047638,0.416775
mobo_0025_ap0.4009_nap233_nd1_364_nd2_960,2.171428571428572,2.8947283029556274,0.4008558850316883
mobo_0026_ap0.7070_nap227_nd1_660_nd2_878,1.24728555917481,2.044567108154297,0.70699409209973
mobo_0027_ap0.8468_nap106_nd1_660_nd2_960,1.1650201244054152,2.269750157992045,0.8468472899060586
mobo_0028_ap0.4002_nap249_nd1_198_nd2_180,2.6531270148291424,2.4033087293306985,0.4002227823537294
mobo_0029_ap0.6382_nap193_nd1_660_nd2_960,1.3498380379453956,2.1380295952161155,0.6381826073820527
mobo_0030_ap0.6861_nap215_nd1_660_nd2_180,1.4234008650125198,2.009503761927286,0.6860942816052369
mobo_0031_ap1.0000_nap122_nd1_120_nd2_960,1.2152982870643827,2.045417050520579,1.0
mobo_0032_ap0.6323_nap224_nd1_660_nd2_960,1.3788240399218918,2.0578842759132385,0.6322740442621158
mobo_0033_ap0.9945_nap202_nd1_660_nd2_960,1.154350677743769,1.6636504729588826,0.9945409480969868
mobo_0034_ap1.0000_nap168_nd1_660_nd2_960,1.2907747196738022,1.9698842565218608,1.0
mobo_0036_ap1.0000_nap184_nd1_660_nd2_960,1.198470363288719,1.792582372824351,1.0
mobo_0035_ap1.0000_nap184_nd1_660_nd2_960,1.198470363288719,1.8503069281578064,1.0
mobo_0037_ap0.9235_nap148_nd1_660_nd2_180,1.2729228287173973,1.953351179758708,0.9235335216270302
mobo_0038_ap1.0000_nap100_nd1_120_nd2_180,1.124291650925576,1.8800140817960105,1.0
mobo_0039_ap0.9483_nap218_nd1_266_nd2_960,1.11839530332681,1.5549910267194111,0.9483298690996386
mobo_0040_ap0.8320_nap177_nd1_660_nd2_960,1.2853541141416456,1.9774880607922871,0.8320380112486225
mobo_0041_ap0.9617_nap215_nd1_660_nd2_960,1.1114180478821365,1.6769350568453472,0.9617019137847498
mobo_0042_ap0.7409_nap172_nd1_120_nd2_180,1.390217683418436,1.783585290114085,0.7408524969889652
mobo_0043_ap0.9440_nap219_nd1_660_nd2_960,1.101893597835888,1.6283629139264424,0.9439539336242978
mobo_0044_ap1.0000_nap60_nd1_660_nd2_960,1.0786585365853658,2.25556347767512,1.0
mobo_0045_ap0.3647_nap264_nd1_660_nd2_960,2.496272223284267,2.8746896386146545,0.3646951244610755
mobo_0046_ap0.2000_nap265_nd1_660_nd2_180,2.8660251665433014,2.902961810429891,0.2
mobo_0047_ap0.7874_nap262_nd1_120_nd2_750,1.049034175334324,1.5479134023189545,0.787388975052371
mobo_0048_ap0.8393_nap246_nd1_166_nd2_960,1.129220023282887,1.491215169429779,0.8392516726167529
mobo_0049_ap0.7813_nap264_nd1_636_nd2_960,1.1652767247915088,1.624008377393087,0.7813481494837925
mobo_0050_ap0.9715_nap195_nd1_222_nd2_804,1.1525490196078432,1.8756948113441467,0.971473828703165
mobo_0051_ap0.7754_nap266_nd1_660_nd2_960,1.0948970456580125,1.6229746739069622,0.7753981633974482
mobo_0052_ap0.9265_nap223_nd1_556_nd2_736,1.0876288659793814,1.7906928658485413,0.9264505460858344
mobo_0053_ap0.7029_nap267_nd1_500_nd2_370,1.2347702173138582,1.825881818930308,0.7029089331626892
mobo_0054_ap0.8393_nap246_nd1_660_nd2_960,1.101010101010101,1.5862773259480794,0.8392516726167529
mobo_0055_ap0.8125_nap254_nd1_568_nd2_222,1.0967351874244256,1.6798049410184224,0.8125035884398473
mobo_0056_ap0.8190_nap252_nd1_642_nd2_960,1.106907894736842,1.5877483288447063,0.8190313946973063
mobo_0057_ap0.8190_nap252_nd1_660_nd2_960,1.1193755739210285,1.6082820097605388,0.8190313946973063
mobo_0058_ap0.7574_nap250_nd1_212_nd2_730,1.1578370478626232,1.7211133042971294,0.7573518097400667
mobo_0059_ap0.8569_nap241_nd1_226_nd2_960,1.149631190727081,1.5550600091616311,0.8568710019241544
mobo_0060_ap0.5532_nap179_nd1_326_nd2_646,1.4454317612212348,2.476516584555308,0.5532352589070797
mobo_0061_ap0.8061_nap256_nd1_660_nd2_960,1.108555657773689,1.595472792784373,0.806077779155161
mobo_0062_ap0.8629_nap104_nd1_324_nd2_532,1.2013605442176871,2.2266722917556763,0.8629005864262582
mobo_0063_ap0.2058_nap234_nd1_282_nd2_718,2.6778947368421053,3.115984996159872,0.2057953096926212
mobo_0064_ap0.9527_nap160_nd1_484_nd2_690,1.3279595765158807,2.0149554014205933,0.9527040325105192
mobo_0065_ap0.2564_nap239_nd1_478_nd2_330,2.3589292692458,3.581127921740214,0.2564494952559471
mobo_0066_ap0.5835_nap124_nd1_452_nd2_958,1.2252362084730266,2.643122971057892,0.5834983937442303
mobo_0067_ap0.9958_nap209_nd1_614_nd2_402,1.088095238095238,1.740957220395406,0.995818877965212
mobo_0068_ap0.8239_nap154_nd1_148_nd2_680,1.30406543180178,1.9520954688390093,0.8239312686026097
mobo_0069_ap0.3138_nap124_nd1_612_nd2_230,1.4787108219988172,4.397268255551656,0.3138086766004562
mobo_0070_ap0.7725_nap267_nd1_642_nd2_960,1.097852028639618,1.5852014819780986,0.7724565972424016
mobo_0071_ap0.8463_nap188_nd1_640_nd2_186,1.3940359663100388,1.980528275171916,0.8462784752249719
mobo_0072_ap0.7754_nap266_nd1_120_nd2_960,1.1630276564774382,1.555897941191991,0.7753981633974482
mobo_0073_ap0.5913_nap207_nd1_472_nd2_212,1.509468400638832,2.127974728743235,0.5912652730941772
mobo_0074_ap0.7874_nap262_nd1_660_nd2_960,1.092756183745583,1.6319881677627563,0.787388975052371
mobo_0075_ap0.9837_nap212_nd1_424_nd2_668,1.086235489220564,1.568666954835256,0.9837143011391164
mobo_0076_ap0.5748_nap81_nd1_440_nd2_584,1.132134831460674,2.914855718612671,0.5747898131608964
mobo_0077_ap0.9992_nap128_nd1_330_nd2_366,1.2597748815165877,1.945794800917308,0.9991832450032234
mobo_0078_ap0.8550_nap73_nd1_222_nd2_324,1.1727047146401983,2.2033323645591736,0.8549960613250733
mobo_0079_ap0.2613_nap169_nd1_176_nd2_450,1.9002411751808808,4.2474037408828735,0.2613262206315994
mobo_0080_ap0.4779_nap197_nd1_606_nd2_352,1.7132867132867131,2.9467599987983704,0.4779053032398224
mobo_0081_ap0.9988_nap137_nd1_546_nd2_574,1.2587926509186351,2.007695515950521,0.9987958528101444
mobo_0082_ap0.4856_nap102_nd1_188_nd2_870,1.3325892857142858,3.1306589047114053,0.4855781279504299
mobo_0083_ap0.9742_nap181_nd1_164_nd2_908,1.2129925452609158,2.018033504486084,0.974249964952469
mobo_0084_ap0.2046_nap90_nd1_206_nd2_908,1.4818889187013684,3.130864222844442,0.2045660302042961
mobo_0085_ap0.9618_nap99_nd1_660_nd2_874,1.1408342900880215,2.1981387933095298,0.9617637746036054
mobo_0086_ap0.4298_nap244_nd1_634_nd2_604,2.0887714181553045,2.68737655878067,0.4298481188714504
mobo_0087_ap0.7226_nap250_nd1_436_nd2_846,1.2471264367816093,1.9693549076716104,0.7226425543427468
mobo_0088_ap0.4058_nap256_nd1_208_nd2_954,2.441166014930679,2.516205708185832,0.4057777002453804
mobo_0089_ap0.7335_nap119_nd1_418_nd2_452,1.212326656394453,2.19932621717453,0.7335252098739147
mobo_0090_ap0.9337_nap61_nd1_606_nd2_480,1.118114707552527,2.552704612414042,0.933717129379511
mobo_0091_ap0.6221_nap204_nd1_212_nd2_774,1.476534296028881,2.027641236782074,0.6221021682024002
mobo_0092_ap0.4862_nap60_nd1_220_nd2_634,1.2063894523326573,3.348252852757772,0.4862238965928555
mobo_0093_ap0.7087_nap264_nd1_166_nd2_884,1.2042893493275173,1.8258703351020813,0.708745177090168
mobo_0094_ap0.7839_nap168_nd1_642_nd2_632,1.358292512246326,2.017671366532644,0.7838578544557095
mobo_0095_ap0.9149_nap216_nd1_646_nd2_956,1.1091154018859453,1.7692713141441343,0.9148667335510254
mobo_0096_ap0.9322_nap133_nd1_120_nd2_960,1.2360433604336043,2.0030564665794373,0.9321658372952012
mobo_0097_ap0.2220_nap187_nd1_530_nd2_920,2.181117914280071,4.17542024453481,0.2220114186406135
mobo_0098_ap0.8126_nap257_nd1_172_nd2_862,1.0946601941747574,1.5872346262137096,0.8126488655805588
mobo_0099_ap0.5142_nap126_nd1_660_nd2_544,1.3360239162929746,2.83436648050944,0.5142208836972714
mobo_0100_ap0.9689_nap104_nd1_582_nd2_492,1.1952054794520548,2.149759391943613,0.9688770018517971
mobo_0101_ap0.7702_nap269_nd1_292_nd2_246,1.0995475113122173,1.5349190135796864,0.7701971508562566
mobo_0102_ap0.7672_nap266_nd1_132_nd2_264,1.0398126463700237,1.4134989182154338,0.7672085396945476
mobo_0103_ap0.8277_nap231_nd1_652_nd2_904,1.1610323518720465,1.8321627974510195,0.8276983097195625
mobo_0104_ap0.3765_nap210_nd1_542_nd2_580,2.0584158415841585,3.9046300252278647,0.37645248696208
mobo_0105_ap0.6246_nap185_nd1_230_nd2_348,1.4169325153374233,2.030992190043132,0.6246454387903213
mobo_0106_ap0.7968_nap125_nd1_324_nd2_290,1.2783091638383215,2.0925634503364563,0.7968071475625038
mobo_0107_ap0.5967_nap161_nd1_618_nd2_280,1.3497224425059478,2.466023604075114,0.5966874040663243
mobo_0108_ap0.9761_nap141_nd1_600_nd2_870,1.2536812193231723,2.046216289202372,0.976141706854105
mobo_0109_ap0.3149_nap243_nd1_626_nd2_392,2.164998978966714,3.5864278078079224,0.3149049818515778
mobo_0110_ap0.9943_nap174_nd1_168_nd2_342,1.1849809079338145,1.8473580479621887,0.9942958131432532
mobo_0111_ap0.2868_nap74_nd1_546_nd2_314,1.260120986505351,3.7070487340291343,0.2867568224668503
mobo_0112_ap0.9073_nap228_nd1_138_nd2_272,1.0215311004784688,1.3532468775908153,0.9073462687432768
mobo_0113_ap0.8325_nap148_nd1_596_nd2_252,1.3196286472148542,2.118827799956004,0.8325271584093572
mobo_0114_ap0.7754_nap266_nd1_626_nd2_960,1.1247130833970926,1.65097709496816,0.7753981633974482
mobo_0115_ap0.7754_nap266_nd1_610_nd2_960,1.1210795040116703,1.7089768846829732,0.7753981633974482
mobo_0116_ap0.7921_nap192_nd1_348_nd2_892,1.4034380305602716,2.184102555116018,0.7920523747801782
mobo_0117_ap0.4127_nap249_nd1_326_nd2_500,2.4261854482626224,2.636592964331309,0.4127105593681335
mobo_0118_ap0.9171_nap79_nd1_290_nd2_942,1.123741610738255,2.3535590171813965,0.9170634269714356
mobo_0119_ap0.3148_nap265_nd1_352_nd2_940,2.3724949439235155,3.3647831877072654,0.3148175448179245
mobo_0120_ap0.4558_nap60_nd1_660_nd2_488,1.1646646646646646,3.4590815703074136,0.4557987497398341
mobo_0121_ap0.5650_nap62_nd1_660_nd2_542,1.111866501854141,2.754952371120453,0.5649869454468962
mobo_0122_ap0.6575_nap60_nd1_120_nd2_868,1.0787671232876712,2.51247501373291,0.6575407975331922
mobo_0123_ap0.2000_nap60_nd1_660_nd2_534,1.2536732929991357,2.5663292010625205,0.2
mobo_0124_ap0.4141_nap60_nd1_120_nd2_866,1.1986032300305542,3.774302363395691,0.41413624872
mobo_0125_ap0.6272_nap80_nd1_660_nd2_452,1.11986301369863,2.6346792380015054,0.6272136477084352
mobo_0126_ap0.3726_nap60_nd1_660_nd2_580,1.1930933852140078,3.7381317218144736,0.3726431722568088
mobo_0127_ap0.5464_nap101_nd1_660_nd2_280,1.1825249907441688,2.6882856686909995,0.5464226457383307
mobo_0128_ap0.4941_nap60_nd1_660_nd2_278,1.1228070175438596,3.0064533948898315,0.4940884839619816
mobo_0129_ap0.4102_nap60_nd1_660_nd2_264,1.1540697674418603,3.723358233769735,0.410184933712088
mobo_0130_ap0.8158_nap253_nd1_120_nd2_298,1.0073529411764706,1.36525164047877,0.8157545907656965
mobo_0131_ap0.4498_nap79_nd1_660_nd2_492,1.213048731373339,3.6422774394353232,0.449780652743508
mobo_0132_ap0.4221_nap60_nd1_628_nd2_604,1.1415047334329846,3.7970861196517935,0.4220901530392253
mobo_0133_ap0.4008_nap70_nd1_660_nd2_562,1.1871590432228285,3.846100807189941,0.4008311388024335
mobo_0134_ap0.4522_nap60_nd1_156_nd2_898,1.213012048192771,3.487363894780477,0.4521586109394186
mobo_0135_ap0.4368_nap88_nd1_574_nd2_278,1.291033434650456,3.569902578989665,0.4368045865713928
mobo_0136_ap0.4350_nap101_nd1_586_nd2_498,1.293471629042099,3.66226863861084,0.4349770718572195
mobo_0137_ap0.4454_nap123_nd1_660_nd2_522,1.4024122807017545,3.3291263580322266,0.4454392632715747
mobo_0138_ap0.4580_nap76_nd1_288_nd2_916,1.254932912391476,3.4672329823176065,0.4579561382944868
mobo_0139_ap0.3898_nap60_nd1_560_nd2_622,1.0923694779116466,3.803126653035482,0.389840217827879
mobo_0140_ap0.3997_nap60_nd1_604_nd2_544,1.1150442477876106,3.8082488377889,0.3997346178213601
mobo_0141_ap0.4324_nap111_nd1_660_nd2_548,1.387456037514654,3.4005632797876992,0.432390030929519
mobo_0142_ap0.4193_nap72_nd1_660_nd2_446,1.2077865266841643,3.7288844982783,0.4192936693031703
mobo_0143_ap0.3689_nap112_nd1_570_nd2_266,1.4876207729468598,4.08921480178833,0.3688949345616453
mobo_0144_ap0.6469_nap257_nd1_324_nd2_880,1.2709431751611011,2.0364766319592795,0.6468713176049552
mobo_0145_ap0.7487_nap261_nd1_336_nd2_886,1.1471981057616416,1.8314621647199,0.7486969695047745
mobo_0146_ap0.6870_nap136_nd1_474_nd2_258,1.254041570438799,2.213549534479777,0.6869939680971124
mobo_0147_ap0.6747_nap243_nd1_284_nd2_858,1.2738722905682485,2.0146604776382446,0.6747162019796553
mobo_0148_ap1.0000_nap190_nd1_120_nd2_308,1.125268817204301,1.6395322879155476,1.0
mobo_0149_ap0.5235_nap125_nd1_432_nd2_244,1.4070609535304768,2.843076109886169,0.5235108509210923
mobo_0150_ap0.8438_nap209_nd1_338_nd2_840,1.1771300448430493,2.022321502367656,0.8438369291382093
mobo_0151_ap0.8843_nap177_nd1_212_nd2_300,1.3848627256987385,1.8931277394294737,0.8842760752783796
mobo_0152_ap0.8420_nap196_nd1_460_nd2_874,1.2957261029411764,2.160121262073517,0.8419915651448204
mobo_0153_ap0.6204_nap110_nd1_592_nd2_456,1.2150231399074405,2.690287470817566,0.6204182924737338
mobo_0154_ap0.8125_nap254_nd1_270_nd2_852,1.0957446808510638,1.6616554061571758,0.8125035884398473
mobo_0155_ap0.4250_nap87_nd1_496_nd2_628,1.319178082191781,3.698501110076904,0.4249523927864868
mobo_0156_ap0.7204_nap215_nd1_252_nd2_838,1.4013980088964202,2.099076191584269,0.7203758807245502
mobo_0157_ap0.8061_nap256_nd1_224_nd2_288,1.0675675675675675,1.425715486208598,0.806077779155161
mobo_0158_ap0.6722_nap270_nd1_408_nd2_908,1.238782051282051,1.96077173948288,0.6721770745191773
mobo_0159_ap0.7801_nap152_nd1_398_nd2_280,1.2960062646828503,2.016690711180369,0.7801431285080334
mobo_0160_ap0.7916_nap127_nd1_660_nd2_282,1.2485353068146778,2.1389770110448203,0.791630071473451
mobo_0161_ap0.7725_nap267_nd1_382_nd2_864,1.104502973661852,1.703823745250702,0.7724565972424016
mobo_0162_ap0.3205_nap268_nd1_264_nd2_886,2.435687732342008,3.58125114440918,0.3204975647220863
mobo_0163_ap0.6383_nap230_nd1_120_nd2_848,1.439785168353646,1.918083727359772,0.6382975256204282
mobo_0164_ap0.8740_nap178_nd1_506_nd2_876,1.327201904349708,2.0741471648216248,0.873959137729136
mobo_0165_ap0.8093_nap255_nd1_308_nd2_850,1.0737410071942446,1.6240804592768352,0.8092780841714557
mobo_0166_ap0.9023_nap229_nd1_184_nd2_832,1.050755939524838,1.57937686642011,0.9022965566101364
mobo_0167_ap0.5742_nap260_nd1_290_nd2_286,1.369552752293578,1.9569908579190567,0.5742006644565367
mobo_0168_ap0.3741_nap91_nd1_660_nd2_318,1.293645251396648,3.87012231349945,0.3741208577092428
mobo_0169_ap0.7951_nap209_nd1_138_nd2_826,1.219896973599485,1.9275346398353577,0.7950701500726427
mobo_0170_ap0.7695_nap268_nd1_264_nd2_858,1.0899209486166008,1.6672537724177043,0.7695369830735866
mobo_0171_ap0.3778_nap130_nd1_322_nd2_254,1.653234649122807,3.878958264986674,0.3777761468945806
mobo_0172_ap0.9120_nap175_nd1_332_nd2_304,1.3400977995110024,1.953584611415863,0.9120083256246349
mobo_0173_ap0.3500_nap117_nd1_446_nd2_236,1.5102831594634871,4.207452575365703,0.3500025745580721
mobo_0174_ap0.3900_nap96_nd1_510_nd2_434,1.352657004830918,3.9150060415267935,0.3899634263059116
mobo_0175_ap0.4299_nap119_nd1_556_nd2_486,1.460232097367676,3.524233897527059,0.4299381762948737
mobo_0176_ap0.7904_nap261_nd1_294_nd2_854,1.0889748549323015,1.635802408059438,0.7904441052249855
mobo_0177_ap0.3512_nap97_nd1_604_nd2_584,1.417220861043052,4.2204353014628095,0.3511869784608356
mobo_0178_ap0.3751_nap248_nd1_556_nd2_446,2.3172706245181187,3.2435104648272195,0.3751024916724536
mobo_0179_ap0.5992_nap163_nd1_200_nd2_302,1.3900808024519364,2.319960912068685,0.5991786390200458
mobo_0180_ap0.5298_nap79_nd1_660_nd2_372_d2_390_d3_520,1.1413683733574989,3.074130435784658,0.5297979712963587
mobo_0181_ap0.3755_nap238_nd1_530_nd2_430_d2_390_d3_520,2.2635673993386503,3.2264702518781028,0.3754500432171827
mobo_0182_ap0.3760_nap124_nd1_626_nd2_254_d2_421_d3_520,1.4929693961952026,3.8039337396621695,0.3760316545589619
mobo_0183_ap0.3290_nap202_nd1_642_nd2_578_d2_390_d3_520,1.949284511784512,4.414574821790059,0.3290091966576272
mobo_0184_ap0.3461_nap248_nd1_660_nd2_404_d2_390_d3_520,2.2421782178217824,3.0794848203659058,0.3460501397841262
mobo_0185_ap0.3663_nap121_nd1_630_nd2_250_d2_315_d3_520,1.4465301478953356,3.8463691075642905,0.3662880783433525
mobo_0186_ap0.3101_nap163_nd1_660_nd2_950_d2_376_d3_520,1.828786697843596,4.088024616241455,0.3101465758212153
mobo_0187_ap0.2990_nap179_nd1_660_nd2_180_d2_417_d3_544,1.809535512410912,4.143061280250549,0.2990261722086131
mobo_0188_ap0.3101_nap166_nd1_660_nd2_768_d2_398_d3_517,1.7721139430284858,4.2706418832143145,0.310079035367935
mobo_0189_ap0.2000_nap195_nd1_660_nd2_180_d2_447_d3_514,2.1811409527543617,3.441609183947245,0.2
mobo_0190_ap0.4671_nap72_nd1_660_nd2_914_d2_362_d3_640,1.189554254840162,3.2435897986094155,0.4670925938950501
mobo_0191_ap0.3031_nap182_nd1_622_nd2_180_d2_375_d3_471,1.8331764705882352,4.408968448638916,0.3030665503399476
mobo_0192_ap0.4066_nap204_nd1_660_nd2_960_d2_381_d3_391,2.009689495705792,3.334035436312357,0.4066229312803719
mobo_0193_ap0.4863_nap201_nd1_660_nd2_868_d2_343_d3_640,1.601439790575916,2.7798357804616294,0.4862894558879652
mobo_0194_ap0.2908_nap190_nd1_560_nd2_180_d2_364_d3_547,1.8290226596475163,3.970470984776815,0.2907855819858402
mobo_0195_ap0.3007_nap174_nd1_596_nd2_180_d2_392_d3_548,1.7542967804405714,4.135866602261861,0.3007416203839683
mobo_0196_ap0.2938_nap187_nd1_576_nd2_960_d2_405_d3_469,1.7526647813791605,4.6997246742248535,0.2938312399147308
mobo_0197_ap0.3522_nap147_nd1_660_nd2_180_d2_399_d3_424,1.7842753217683267,3.979107737541199,0.3522327761863181
mobo_0198_ap0.3881_nap207_nd1_660_nd2_180_d2_423_d3_499,2.0518487037824054,3.483590006828308,0.3880902787082568
mobo_0199_ap0.2000_nap167_nd1_660_nd2_960_d2_402_d3_484,1.9903725408120552,3.41744069258372,0.2
mobo_0200_ap0.3892_nap81_nd1_660_nd2_838_d2_331_d3_502,1.3061475409836063,3.7586810986200967,0.3891965419376058
mobo_0201_ap0.2276_nap108_nd1_660_nd2_180_d2_376_d3_618,1.4610994292580357,3.552398920059204,0.2275903770017149
mobo_0202_ap0.5443_nap195_nd1_660_nd2_180_d2_311_d3_524,1.522408963585434,2.3501202861468,0.544278201512114
mobo_0203_ap0.2841_nap192_nd1_482_nd2_960_d2_400_d3_460,1.9058697972251868,4.71494738260905,0.2840595358939357
mobo_0204_ap0.2000_nap211_nd1_556_nd2_180_d2_403_d3_585,2.6860854987426657,3.4226134220759072,0.2
mobo_0205_ap0.4005_nap141_nd1_660_nd2_960_d2_403_d3_618,1.6048331415420023,3.6258402665456138,0.4004728853366727
mobo_0206_ap0.3491_nap109_nd1_660_nd2_934_d2_370_d3_573,1.4943614751600125,4.23603105545044,0.349100864134398
mobo_0207_ap0.3167_nap194_nd1_660_nd2_960_d2_397_d3_464,2.0232941176470587,4.403378089269002,0.3166502698363735
mobo_0209_ap0.4007_nap80_nd1_660_nd2_948_d2_375_d3_618,1.291478129713424,3.5894792874654136,0.4006572681509881
mobo_0210_ap0.4674_nap205_nd1_660_nd2_960_d2_390_d3_618,1.7647505217226334,2.8890624046325684,0.4674247916843177
mobo_0212_ap0.3678_nap150_nd1_660_nd2_180_d2_401_d3_618,1.7839489768801489,3.5749799013137817,0.3677718333581941
mobo_0213_ap0.5159_nap103_nd1_660_nd2_960_d2_540_d3_618,1.2485399091499028,2.850833515326182,0.5158993843278132
mobo_0260_ap0.3015_nap165_nd1_470_nd2_960_d2_540_d3_572,1.7229281767955802,4.081734259923299,0.3014698076604552
mobo_0261_ap0.5885_nap187_nd1_660_nd2_960_d2_540_d3_618,1.422046917168362,2.247359832127889,0.5884731343698255
mobo_0262_ap0.4194_nap60_nd1_660_nd2_960_d2_540_d3_572,1.111819519372241,3.1903825799624124,0.4193988843285149
mobo_0263_ap0.3179_nap155_nd1_518_nd2_960_d2_414_d3_446,1.663143254520167,3.9918712377548218,0.3179130604465544
mobo_0264_ap0.3182_nap117_nd1_544_nd2_960_d2_406_d3_566,1.410381679389313,4.316517233848572,0.318228708509619
mobo_0265_ap0.4090_nap216_nd1_660_nd2_740_d2_292_d3_440,1.6941604180867984,2.9391026496887207,0.4090218937162554
mobo_0266_ap0.3849_nap234_nd1_660_nd2_960_d2_540_d3_618,2.127719962157048,2.9188791513443,0.384865402510829
mobo_0267_ap0.4691_nap130_nd1_660_nd2_180_d2_424_d3_618,1.5781839280533798,2.929164409637451,0.4691149019986827
mobo_0268_ap0.2788_nap236_nd1_660_nd2_180_d2_394_d3_618,2.330634278002699,3.442901134490967,0.2788216379496318
mobo_0269_ap0.3263_nap60_nd1_660_nd2_740_d2_292_d3_562,1.1910408432147563,3.904569268226624,0.3263334769359594
mobo_0270_ap0.3786_nap86_nd1_660_nd2_906_d2_358_d3_558,1.3602968460111318,3.9276524980862937,0.378624397882741
mobo_0271_ap0.4752_nap180_nd1_660_nd2_960_d2_432_d3_562,1.5803826698922367,2.9296464721361795,0.4751898494906507
mobo_0272_ap0.5016_nap60_nd1_660_nd2_960_d2_540_d3_572,1.1332955190017016,2.8426090677579245,0.5015743269958786
mobo_0273_ap0.4323_nap207_nd1_660_nd2_244_d2_454_d3_618,2.114945007547984,3.007916291554769,0.4323344988311804
mobo_0274_ap0.2553_nap146_nd1_660_nd2_180_d2_292_d3_546,1.5016913869372883,4.147260745366414,0.2552518978666384
mobo_0275_ap0.3144_nap104_nd1_514_nd2_660_d2_305_d3_575,1.3302309548431577,4.594078381856282,0.3143546421794613
mobo_0276_ap0.5374_nap220_nd1_660_nd2_740_d2_292_d3_618,1.381635581061693,2.092849095662435,0.5374271365774943
mobo_0277_ap0.3337_nap112_nd1_660_nd2_618_d2_292_d3_584,1.3160157649587962,3.825945059458415,0.3337055140295068
mobo_0278_ap0.2969_nap111_nd1_336_nd2_794_d2_313_d3_572,1.3828099173553718,4.58343501885732,0.2968537403304743
mobo_0279_ap0.3911_nap167_nd1_660_nd2_954_d2_438_d3_541,1.787260878705066,3.668951153755188,0.3911240145782453
mobo_0280_ap0.5271_nap211_nd1_660_nd2_960_d2_467_d3_616,1.6090225563909777,2.329430560270945,0.5271369720110406
mobo_0281_ap0.3774_nap270_nd1_632_nd2_180_d2_438_d3_618,2.6019134775374377,2.7000991106033325,0.3773587093188948
mobo_0282_ap0.2000_nap270_nd1_660_nd2_580_d2_381_d3_618,2.8399638336347195,3.075494647026062,0.2
mobo_0283_ap0.4144_nap238_nd1_660_nd2_180_d2_452_d3_618,2.420973298880276,2.5892847975095115,0.4143912854826994
mobo_0284_ap0.3321_nap270_nd1_586_nd2_180_d2_435_d3_618,2.5786232680888497,3.0501057505607605,0.3320595629466485
mobo_0285_ap0.4695_nap219_nd1_660_nd2_180_d2_459_d3_618,2.0856395728916977,2.5377161304155984,0.469532520867817
mobo_0286_ap0.2380_nap221_nd1_624_nd2_960_d2_399_d3_521,2.2523294819232205,4.160638968149821,0.2379642968248858
mobo_0287_ap0.2013_nap236_nd1_660_nd2_834_d2_399_d3_618,2.542243262927895,2.9654301007588706,0.2013160732722052
mobo_0288_ap0.2000_nap270_nd1_566_nd2_180_d2_360_d3_618,3.338621110433191,2.7335026264190674,0.2
mobo_0289_ap0.2335_nap270_nd1_660_nd2_180_d2_325_d3_618,2.64618908788005,3.108581085999807,0.2334565844024817
mobo_0290_ap0.2158_nap270_nd1_660_nd2_180_d2_375_d3_618,2.968962755306368,2.775372346242269,0.2157756564568798
mobo_0291_ap0.2076_nap215_nd1_546_nd2_388_d2_351_d3_491,2.425311203319502,3.70821750164032,0.2076375022187303
mobo_0292_ap0.2000_nap270_nd1_394_nd2_180_d2_374_d3_618,3.493220338983051,2.583113372325897,0.2
mobo_0293_ap0.3479_nap216_nd1_660_nd2_960_d2_421_d3_506,2.177728013029316,4.054314057032268,0.3478577495357793
mobo_0294_ap0.2593_nap270_nd1_602_nd2_180_d2_418_d3_618,2.6963203463203462,3.1979102293650308,0.2592647534948873
mobo_0295_ap0.3485_nap235_nd1_660_nd2_960_d2_435_d3_534,2.295366043613708,3.233437498410543,0.3484798679881294
mobo_0296_ap0.2718_nap211_nd1_582_nd2_960_d2_393_d3_492,2.010393315671489,4.768619259198506,0.2717795628467184
mobo_0297_ap0.3834_nap270_nd1_456_nd2_180_d2_447_d3_618,2.7088770053475937,2.4272402922312417,0.3833613952942083
mobo_0298_ap0.3414_nap270_nd1_576_nd2_960_d2_433_d3_467,2.3330640274691983,3.3823785185813904,0.3413941168301209
mobo_0299_ap0.3524_nap189_nd1_660_nd2_960_d2_401_d3_488,2.023202389156903,4.081429839134216,0.3524158483057437
mobo_0300_ap0.2238_nap227_nd1_534_nd2_910_d2_360_d3_479,2.494714986787467,3.755176782608032,0.2237847847462329
mobo_0301_ap0.2473_nap214_nd1_564_nd2_832_d2_329_d3_484,2.142798184069336,4.198671698570252,0.2472591840228204
mobo_0302_ap0.5007_nap214_nd1_660_nd2_180_d2_449_d3_618,1.9751442521083,2.4109923243522644,0.5006744229563844
mobo_0303_ap0.2000_nap270_nd1_120_nd2_180_d2_368_d3_618,3.748953001395998,1.781150410572688,0.2
mobo_0304_ap0.3924_nap258_nd1_660_nd2_180_d2_440_d3_618,2.5307905391007885,2.610724627971649,0.3924264303197872
mobo_0305_ap0.2885_nap270_nd1_644_nd2_180_d2_418_d3_618,2.5887810140237324,3.281393567721049,0.2885385127431387
mobo_0306_ap0.4299_nap169_nd1_660_nd2_180_d2_443_d3_618,1.870043000477783,2.994765063126882,0.4298892831579039
mobo_0307_ap0.3414_nap263_nd1_660_nd2_180_d2_436_d3_618,2.4456855015330707,2.969793975353241,0.341368590378061
mobo_0308_ap0.2114_nap270_nd1_586_nd2_180_d2_406_d3_618,3.1936612471701995,2.8773643175760903,0.2113533231473827
mobo_0309_ap0.2168_nap225_nd1_502_nd2_180_d2_394_d3_528,2.474232887490165,3.482309778531393,0.2167825625168561
mobo_0310_ap0.2326_nap270_nd1_656_nd2_180_d2_438_d3_618,2.833851897946484,3.151331861813864,0.2325998330259288
mobo_0311_ap0.5958_nap214_nd1_660_nd2_180_d2_480_d3_618,1.6109302325581396,1.991977572441101,0.5958203359634755
mobo_0312_ap0.2000_nap270_nd1_498_nd2_180_d2_412_d3_618,3.469879518072289,2.599356253941854,0.2
mobo_0313_ap0.2900_nap198_nd1_512_nd2_960_d2_414_d3_478,1.9128622055451323,4.665444731712341,0.2900487845089346
mobo_0314_ap0.3814_nap270_nd1_546_nd2_180_d2_441_d3_618,2.656020172305106,2.614558597405752,0.3814446725145102
mobo_0315_ap0.3068_nap203_nd1_614_nd2_960_d2_408_d3_478,1.9729265148259565,4.456742604573567,0.3067755042373524
mobo_0316_ap0.2045_nap223_nd1_660_nd2_810_d2_320_d3_459,2.139140717382736,3.471375048160553,0.2045266125375528
mobo_0317_ap0.2458_nap214_nd1_480_nd2_946_d2_375_d3_489,2.283242612752721,3.9734102487564087,0.2458197442612453
mobo_0318_ap0.4146_nap176_nd1_660_nd2_180_d2_426_d3_534,1.8461186168994728,3.133126974105835,0.4145945482193154
mobo_0319_ap0.3299_nap246_nd1_616_nd2_960_d2_393_d3_479,2.2562734637423434,3.4755589167277017,0.3298903060470132
mobo_0320_ap0.3769_nap191_nd1_660_nd2_960_d2_414_d3_519,1.92940414507772,3.831061323483785,0.3769165273423924
mobo_0321_ap0.2650_nap217_nd1_604_nd2_180_d2_423_d3_554,2.0472902280811884,4.297200123469035,0.2649671196989726
mobo_0322_ap0.4384_nap224_nd1_660_nd2_180_d2_440_d3_618,2.227359088030399,2.5754934350649514,0.4384048208795593
